"framework","task_id","run_id","run_num","target","bug_type","build_success","visible_passed","visible_total","hidden_passed","hidden_total","coverage_branch_pct","correctness","quality","overall","wall_duration_ms","cost_usd","num_turns","is_error"
"gsd","task1","gsd-run1","1","frontend","logical","True","6","6","12","12",,"1","0,68","0,872","236534","0,7594058","36","False"
"gsd","task1","gsd-run1-be","1","backend","logical","True","1","1","3","3",,"1","0,92","0,968","391922","0,9092625000000002","35","False"
"gsd","task1","gsd-run2","2","frontend","logical","True","6","6","12","12",,"1","0,77","0,908","204499","0,4899364","29","False"
"gsd","task1","gsd-run2-be","2","backend","logical","True","1","1","3","3",,"1","0,96","0,984","191661","0,6796336","27","False"
"gsd","task1","gsd-run3","3","frontend","logical","True","6","6","12","12",,"1","0,68","0,872","174935","0,49969085","27","False"
"gsd","task1","gsd-run3-be","3","backend","logical","True","1","1","3","3",,"1","0,98","0,992","317692","0,6959839000000001","28","False"
"gsd","task1","gsd-run4","4","frontend","logical","True","6","6","12","12",,"1","0,77","0,908","131150","0,47221620000000003","29","False"
"gsd","task1","gsd-run4-be","4","backend","logical","True","1","1","3","3",,"1","0,94","0,976","197241","0,5596117999999999","25","False"
"gsd","task1","gsd-run5","5","frontend","logical","True","6","6","12","12",,"1","0,68","0,872","146958","0,44737784999999997","25","False"
"gsd","task1","gsd-run5-be","5","backend","logical","True","1","1","3","3",,"1","0,94","0,976","553712","1,2676135","47","False"
"gsd","task2","gsd-run1","1","frontend","syntax","True","6","6","12","12",,"1","1","1","150156","0,5032023999999999","20","False"
"gsd","task2","gsd-run1-be","1","backend","syntax","True","1","1","6","7",,"0,929","0,9","0,917","210418","0,5761302000000001","28","False"
"gsd","task2","gsd-run2","2","frontend","syntax","True","6","6","12","12",,"1","1","1","149127","0,40194789999999997","23","False"
"gsd","task2","gsd-run2-be","2","backend","syntax","True","1","1","6","7",,"0,929","0,95","0,937","168309","0,46494549999999996","20","False"
"gsd","task2","gsd-run3","3","frontend","syntax","True","6","6","12","12",,"1","1","1","116996","0,3663097","22","False"
"gsd","task2","gsd-run3-be","3","backend","syntax","True","1","1","6","7",,"0,929","0,95","0,937","186836","0,33421509999999993","16","False"
"gsd","task2","gsd-run4","4","frontend","syntax","True","6","6","12","12",,"1","1","1","165597","0,6013183000000001","40","False"
"gsd","task2","gsd-run4-be","4","backend","syntax","True","1","1","6","7",,"0,929","0,95","0,937","154325","0,3539593","14","False"
"gsd","task2","gsd-run5","5","frontend","syntax","True","6","6","12","12",,"1","1","1","88172","0,3181911","19","False"
"gsd","task2","gsd-run5-be","5","backend","syntax","True","1","1","6","7",,"0,929","0,95","0,937","127776","0,3524365","14","False"
"gsd","task3","gsd-run1","1","frontend","refactor","True","6","6","12","12",,"1","0,755","0,902","287693","0,7708648","45","False"
"gsd","task3","gsd-run1-be","1","backend","testgen","True","1","1","6","6","1","1","0,834","0,934","248691","0,6938934999999999","24","False"
"gsd","task3","gsd-run2","2","frontend","refactor","True","6","6","12","12",,"1","0,755","0,902","143715","0,4799744","31","False"
"gsd","task3","gsd-run2-be","2","backend","testgen","True","1","1","6","6","1","1","0,885","0,954","293093","0,6477143","18","False"
"gsd","task3","gsd-run3","3","frontend","refactor","True","6","6","12","12",,"1","0,755","0,902","162750","0,6383506000000001","38","False"
"gsd","task3","gsd-run3-be","3","backend","testgen","True","1","1","6","6","1","1","0,944","0,978","287652","0,7398745","32","False"
"gsd","task3","gsd-run4","4","frontend","refactor","True","6","6","12","12",,"1","0,755","0,902","134867","0,5431640999999999","32","False"
"gsd","task3","gsd-run4-be","4","backend","testgen","True","1","1","6","6","1","1","0,945","0,978","345458","0,8303973000000001","33","False"
"gsd","task3","gsd-run5","5","frontend","refactor","True","6","6","12","12",,"1","0,755","0,902","159086","0,6204582999999999","44","False"
"gsd","task3","gsd-run5-be","5","backend","testgen","True","1","1","6","6","1","1","0,888","0,955","207645","0,5814098999999999","21","False"
"gsd","task4","gsd-run1","1","frontend","refactor","True","6","6","13","13",,"1","1","1","331500","0,6365938000000001","29","False"
"gsd","task4","gsd-run1-be","1","backend","config","True","1","1","1","1",,"1","0,74","0,896","394388","1,016452","37","False"
"gsd","task4","gsd-run2","2","frontend","refactor","True","6","6","13","13",,"1","1","1","324894","0,6443508999999998","34","False"
"gsd","task4","gsd-run2-be","2","backend","config","True","1","1","1","1",,"1","0,74","0,896","324309","0,7853757000000001","32","False"
"gsd","task4","gsd-run3","3","frontend","refactor","True","6","6","13","13",,"1","1","1","298899","0,7158844000000001","35","False"
"gsd","task4","gsd-run3-be","3","backend","config","True","1","1","1","1",,"1","0,74","0,896","214226","0,6642681500000001","26","False"
"gsd","task4","gsd-run4","4","frontend","refactor","True","6","6","13","13",,"1","1","1","203430","0,5998111","28","False"
"gsd","task4","gsd-run4-be","4","backend","config","True","1","1","1","1",,"1","0,74","0,896","274434","0,7369584999999998","34","False"
"gsd","task4","gsd-run5","5","frontend","refactor","True","6","6","13","13",,"1","1","1","307342","0,9432891999999999","51","False"
"gsd","task4","gsd-run5-be","5","backend","config","True","1","1","1","1",,"1","0,74","0,896","251493","0,64992505","29","False"
"gsd","task5","gsd-run1","1","frontend","testgen","True","6","6","7","7","1","1","1","1","478989","1,0404063000000001","38","False"
"gsd","task5","gsd-run1-be","1","backend","data","True","1","1","7","7",,"1","0,9","0,96","144339","0,4293196","24","False"
"gsd","task5","gsd-run2","2","frontend","testgen","True","6","6","7","7","1","1","1","1","347755","0,9530578","43","False"
"gsd","task5","gsd-run2-be","2","backend","data","True","1","1","7","7",,"1","0,9","0,96","96411","0,3640588","24","False"
"gsd","task5","gsd-run3","3","frontend","testgen","True","6","6","7","7","1","1","1","1","327027","1,0268467000000001","41","False"
"gsd","task5","gsd-run3-be","3","backend","data","True","1","1","7","7",,"1","0,9","0,96","114849","0,4809992999999999","28","False"
"gsd","task5","gsd-run4","4","frontend","testgen","False","6","6","7","7","1","0,9","1","0,94","445445","0,9298561","33","False"
"gsd","task5","gsd-run4-be","4","backend","data","True","1","1","7","7",,"1","0,9","0,96","135066","0,3993805000000001","22","False"
"gsd","task5","gsd-run5","5","frontend","testgen","True","6","6","7","7","1","1","1","1","453542","1,4223337000000003","55","False"
"gsd","task5","gsd-run5-be","5","backend","data","True","1","1","7","7",,"1","0,9","0,96","91343","0,3920928","22","False"
"gsd","task6","gsd-run1","1","frontend","integration","True","6","6","12","12",,"1","0,67","0,868","249284","0,6738509","36","False"
"gsd","task6","gsd-run1-be","1","backend","security","True","1","1","7","7",,"1","0,95","0,98","168927","0,5182834000000001","31","False"
"gsd","task6","gsd-run2","2","frontend","integration","True","6","6","12","12",,"1","0,68","0,872","200441","0,48705160000000003","27","False"
"gsd","task6","gsd-run2-be","2","backend","security","True","1","1","7","7",,"1","0,97","0,988","147535","0,533416","35","False"
"gsd","task6","gsd-run3","3","frontend","integration","True","6","6","12","12",,"1","0,65","0,86","233623","0,6475275999999999","31","False"
"gsd","task6","gsd-run3-be","3","backend","security","True","1","1","7","7",,"1","0,97","0,988","140823","0,3407794","18","False"
"gsd","task6","gsd-run4","4","frontend","integration","True","6","6","12","12",,"1","0,65","0,86","258709","0,7093110000000001","36","False"
"gsd","task6","gsd-run4-be","4","backend","security","True","1","1","7","7",,"1","0,95","0,98","170964","0,5737161999999999","34","False"
"gsd","task6","gsd-run5","5","frontend","integration","True","6","6","12","12",,"1","0,77","0,908","221200","0,7008643","38","False"
"gsd","task6","gsd-run5-be","5","backend","security","True","1","1","7","7",,"1","0,97","0,988","90748","0,3401893","19","False"
"wiggum","task1","wiggum-run1","1","frontend","logical","True","6","6","12","12",,"1","0,77","0,908","198608","0,5027609000000001","26","False"
"wiggum","task1","wiggum-run1-be","1","backend","logical","False","1","1","3","3",,"0,8","0,92","0,848","57035","0,20811620000000003","12","False"
"wiggum","task1","wiggum-run2","2","frontend","logical","True","6","6","12","12",,"1","0,77","0,908","140541","0,5435888","28","False"
"wiggum","task1","wiggum-run2-be","2","backend","logical","False","1","1","3","3",,"0,8","1","0,88","69807","0,2093189","12","False"
"wiggum","task1","wiggum-run3","3","frontend","logical","True","6","6","12","12",,"1","0,77","0,908","101392","0,3814338","23","False"
"wiggum","task1","wiggum-run3-be","3","backend","logical","False","1","1","3","3",,"0,8","0,89","0,836","57396","0,20902880000000001","13","False"
"wiggum","task1","wiggum-run4","4","frontend","logical","True","6","6","12","12",,"1","0,77","0,908","121120","0,4347574999999999","25","False"
"wiggum","task1","wiggum-run4-be","4","backend","logical","False","1","1","3","3",,"0,8","0,93","0,852","51600","0,20020429999999997","12","False"
"wiggum","task1","wiggum-run5","5","frontend","logical","True","6","6","12","12",,"1","0,77","0,908","127483","0,444728","25","False"
"wiggum","task1","wiggum-run5-be","5","backend","logical","False","1","1","3","3",,"0,8","0,92","0,848","56741","0,2325101","13","False"
"wiggum","task2","wiggum-run1","1","frontend","syntax","True","6","6","12","12",,"1","1","1","97893","0,2637239","18","False"
"wiggum","task2","wiggum-run1-be","1","backend","syntax","True","1","1","6","7",,"0,929","0,95","0,937","60393","0,2426475","14","False"
"wiggum","task2","wiggum-run2","2","frontend","syntax","True","6","6","12","12",,"1","1","1","142551","0,2620412","18","False"
"wiggum","task2","wiggum-run2-be","2","backend","syntax","True","1","1","6","7",,"0,929","0,95","0,937","55667","0,2064284","12","False"
"wiggum","task2","wiggum-run3","3","frontend","syntax","True","6","6","12","12",,"1","1","1","69099","0,22222309999999995","14","False"
"wiggum","task2","wiggum-run3-be","3","backend","syntax","True","1","1","6","7",,"0,929","0,95","0,937","74091","0,2381828","13","False"
"wiggum","task2","wiggum-run4","4","frontend","syntax","True","6","6","12","12",,"1","1","1","74503","0,2428773","17","False"
"wiggum","task2","wiggum-run4-be","4","backend","syntax","True","1","1","6","7",,"0,929","0,95","0,937","109078","0,3404633","18","False"
"wiggum","task2","wiggum-run5","5","frontend","syntax","True","6","6","12","12",,"1","1","1","68923","0,2347019","15","False"
"wiggum","task2","wiggum-run5-be","5","backend","syntax","True","1","1","6","7",,"0,929","0,95","0,937","86548","0,2636292","13","False"
"wiggum","task3","wiggum-run1","1","frontend","refactor","False","6","6","12","12",,"0,8","0,655","0,742","105847","0,3668639","24","False"
"wiggum","task3","wiggum-run1-be","1","backend","testgen","True","1","1","6","6","1","1","0,889","0,956","147218","0,3971247","16","False"
"wiggum","task3","wiggum-run2","2","frontend","refactor","False","6","6","12","12",,"0,8","0,655","0,742","190824","0,4621905","29","False"
"wiggum","task3","wiggum-run2-be","2","backend","testgen","True","1","1","6","6","1","1","0,829","0,932","94951","0,3077585","17","False"
"wiggum","task3","wiggum-run3","3","frontend","refactor","True","6","6","12","12",,"1","0,755","0,902","213505","0,6162103999999999","39","False"
"wiggum","task3","wiggum-run3-be","3","backend","testgen","True","1","1","6","6","1","1","0,834","0,934","157590","0,4276844999999999","17","False"
"wiggum","task3","wiggum-run4","4","frontend","refactor","False","6","6","12","12",,"0,8","0,655","0,742","280519","0,5232319999999999","32","False"
"wiggum","task3","wiggum-run4-be","4","backend","testgen","True","1","1","6","6","1","1","0,889","0,956","126754","0,36262009999999995","16","False"
"wiggum","task3","wiggum-run5","5","frontend","refactor","False","6","6","12","12",,"0,8","0,655","0,742","113322","0,38814659999999995","27","False"
"wiggum","task3","wiggum-run5-be","5","backend","testgen","True","1","1","6","6","1","1","0,828","0,931","187362","0,38014159999999997","20","False"
"wiggum","task4","wiggum-run1","1","frontend","refactor","True","6","6","13","13",,"1","1","1","96514","0,28312859999999995","19","False"
"wiggum","task4","wiggum-run1-be","1","backend","config","True","1","1","1","1",,"1","0,74","0,896","208929","0,5841719","34","False"
"wiggum","task4","wiggum-run2","2","frontend","refactor","True","6","6","13","13",,"1","1","1","95118","0,26414249999999995","16","False"
"wiggum","task4","wiggum-run2-be","2","backend","config","True","1","1","1","1",,"1","0,74","0,896","220057","0,563844","33","False"
"wiggum","task4","wiggum-run3","3","frontend","refactor","True","6","6","13","13",,"1","1","1","88764","0,26787739999999993","18","False"
"wiggum","task4","wiggum-run3-be","3","backend","config","True","1","1","1","1",,"1","0,74","0,896","232225","0,5811810000000001","26","False"
"wiggum","task4","wiggum-run4","4","frontend","refactor","True","6","6","13","13",,"1","1","1","126072","0,39353189999999993","24","False"
"wiggum","task4","wiggum-run4-be","4","backend","config","True","1","1","1","1",,"1","0,74","0,896","143023","0,4782692","30","False"
"wiggum","task4","wiggum-run5","5","frontend","refactor","True","6","6","13","13",,"1","1","1","134688","0,3747249","20","False"
"wiggum","task4","wiggum-run5-be","5","backend","config","True","1","1","1","1",,"1","0,74","0,896","242860","0,6891416","36","False"
"wiggum","task5","wiggum-run1","1","frontend","testgen","True","6","6","7","7","1","1","1","1","266369","0,6816237","34","False"
"wiggum","task5","wiggum-run1-be","1","backend","data","True","1","1","7","7",,"1","0,9","0,96","96003","0,3458897","21","False"
"wiggum","task5","wiggum-run2","2","frontend","testgen","True","6","6","7","7","1","1","1","1","183999","0,46845390000000003","31","False"
"wiggum","task5","wiggum-run2-be","2","backend","data","True","1","1","7","7",,"1","0,9","0,96","88873","0,29313","22","False"
"wiggum","task5","wiggum-run3","3","frontend","testgen","True","6","6","7","7","1","1","1","1","291928","0,7495921999999998","41","False"
"wiggum","task5","wiggum-run3-be","3","backend","data","True","1","1","7","7",,"1","0,9","0,96","70294","0,2879825","20","False"
"wiggum","task5","wiggum-run4","4","frontend","testgen","True","6","6","7","7","1","1","1","1","231845","0,6293696999999999","38","False"
"wiggum","task5","wiggum-run4-be","4","backend","data","True","1","1","7","7",,"1","0,9","0,96","81511","0,3341633","20","False"
"wiggum","task5","wiggum-run5","5","frontend","testgen","True","6","6","7","7","1","1","1","1","257627","0,6697342999999999","34","False"
"wiggum","task5","wiggum-run5-be","5","backend","data","True","1","1","7","7",,"1","0,9","0,96","87966","0,27372480000000005","20","False"
"wiggum","task6","wiggum-run1","1","frontend","integration","True","6","6","12","12",,"1","0,77","0,908","205605","0,6988369999999999","31","False"
"wiggum","task6","wiggum-run1-be","1","backend","security","True","1","1","7","7",,"1","0,91","0,964","139869","0,45544729999999994","24","False"
"wiggum","task6","wiggum-run2","2","frontend","integration","True","6","6","12","12",,"1","0,77","0,908","150931","0,5146161","30","False"
"wiggum","task6","wiggum-run2-be","2","backend","security","True","1","1","7","7",,"1","0,95","0,98","63909","0,2219193","13","False"
"wiggum","task6","wiggum-run3","3","frontend","integration","True","6","6","12","12",,"1","0,77","0,908","260825","0,6633274999999997","42","False"
"wiggum","task6","wiggum-run3-be","3","backend","security","True","1","1","7","7",,"1","0,97","0,988","57369","0,22604910000000003","14","False"
"wiggum","task6","wiggum-run4","4","frontend","integration","True","6","6","12","12",,"1","0,77","0,908","171207","0,5533334","32","False"
"wiggum","task6","wiggum-run4-be","4","backend","security","True","1","1","7","7",,"1","0,97","0,988","76987","0,25193039999999994","16","False"
"wiggum","task6","wiggum-run5","5","frontend","integration","True","6","6","12","12",,"1","0,77","0,908","205779","0,6008543","40","False"
"wiggum","task6","wiggum-run5-be","5","backend","security","True","1","1","7","7",,"1","0,97","0,988","82668","0,26811080000000004","16","False"
