branch,taskId,runId,resultDir,framework,target,overallSuccess,buildSuccess,buildRawSuccess,visiblePassed,visibleFailed,visibleTotal,hiddenPassed,hiddenFailed,hiddenTotal,hiddenExpectedFiles,hiddenCrashed,visiblePassRate,hiddenPassRate,robustnessGap,buildStability,correctnessScore,qualityScore,overallScore,costUsd,numTurns,wallDurationMs,agentExitCode,agentIsError,totalMs,timestamp
run/gsd/task1/gsd-run1,task1,gsd-run1,task1__gsd-run1,gsd,frontend,true,true,true,17,0,17,15,0,15,6,false,1,1,0,1,1,0.68,0.872,0.6110777,32,172518,0,false,29652,2026-07-30T17:26:56.310Z
run/gsd/task1/gsd-run1-be,task1,gsd-run1-be,task1__gsd-run1-be,gsd,backend,true,true,true,18,0,18,10,0,10,2,false,1,1,0,1,1,0.88,0.952,0.5933324,26,219786,0,false,7507,2026-08-02T16:52:38.970Z
run/gsd/task1/gsd-run2,task1,gsd-run2,task1__gsd-run2,gsd,frontend,true,true,true,17,0,17,15,0,15,6,false,1,1,0,1,1,0.68,0.872,0.49463599999999996,29,148418,0,false,29627,2026-07-30T17:31:30.002Z
run/gsd/task1/gsd-run2-be,task1,gsd-run2-be,task1__gsd-run2-be,gsd,backend,false,false,false,18,0,18,10,0,10,2,false,1,1,0,0,0.8,0.96,0.864,0.2440742,11,67802,0,false,7466,2026-07-31T20:18:05.300Z
run/gsd/task1/gsd-run3,task1,gsd-run3,task1__gsd-run3,gsd,frontend,true,true,true,17,0,17,15,0,15,6,false,1,1,0,1,1,0.77,0.908,1.1838644000000005,61,431471,0,false,28604,2026-07-30T17:44:03.541Z
run/gsd/task1/gsd-run3-be,task1,gsd-run3-be,task1__gsd-run3-be,gsd,backend,true,true,true,18,0,18,10,0,10,2,false,1,1,0,1,1,0.94,0.976,0.6607257,25,233536,0,false,7323,2026-07-31T20:23:13.441Z
run/gsd/task1/gsd-run4,task1,gsd-run4,task1__gsd-run4,gsd,frontend,true,true,true,17,0,17,15,0,15,6,false,1,1,0,1,1,0.63,0.852,0.5563374,31,240843,0,false,29585,2026-07-30T17:49:51.424Z
run/gsd/task1/gsd-run4-be,task1,gsd-run4-be,task1__gsd-run4-be,gsd,backend,true,true,true,18,0,18,10,0,10,2,false,1,1,0,1,1,0.94,0.976,1.31311,48,517946,0,false,7731,2026-07-31T20:32:59.908Z
run/gsd/task1/gsd-run5,task1,gsd-run5,task1__gsd-run5,gsd,frontend,true,true,true,17,0,17,15,0,15,6,false,1,1,0,1,1,0.77,0.908,0.41561129999999996,24,117432,0,false,30070,2026-07-30T17:56:42.938Z
run/gsd/task1/gsd-run5-be,task1,gsd-run5-be,task1__gsd-run5-be,gsd,backend,true,true,true,18,0,18,10,0,10,2,false,1,1,0,1,1,0.94,0.976,0.5557631000000001,26,169317,0,false,7135,2026-07-31T20:40:07.553Z
run/gsd/task10/gsd-run1,task10,gsd-run1,task10__gsd-run1,gsd,frontend,false,true,true,37,2,39,8,2,10,1,false,0.949,0.8,0.149,1,0.885,0.59,0.767,0.7408426000000001,34,368526,0,false,35721,2026-08-02T09:25:41.920Z
run/gsd/task10/gsd-run1-be,task10,gsd-run1-be,task10__gsd-run1-be,gsd,backend,true,true,true,33,0,33,7,0,7,1,false,1,1,0,1,1,0.96,0.984,0.27888399999999997,15,123798,0,false,10511,2026-08-03T18:04:24.635Z
run/gsd/task10/gsd-run2,task10,gsd-run2,task10__gsd-run2,gsd,frontend,false,true,true,37,2,39,8,2,10,1,false,0.949,0.8,0.149,1,0.885,0.6,0.771,0.8046958,33,314969,0,false,33033,2026-08-02T09:37:53.890Z
run/gsd/task10/gsd-run2-be,task10,gsd-run2-be,task10__gsd-run2-be,gsd,backend,true,true,true,33,0,33,7,0,7,1,false,1,1,0,1,1,0.96,0.984,0.3956674,14,129425,0,false,9490,2026-08-03T18:11:38.626Z
run/gsd/task10/gsd-run3,task10,gsd-run3,task10__gsd-run3,gsd,frontend,false,true,true,37,2,39,8,2,10,1,false,0.949,0.8,0.149,1,0.885,0.6,0.771,0.5233756,20,187365,0,false,33333,2026-08-02T09:43:58.988Z
run/gsd/task10/gsd-run3-be,task10,gsd-run3-be,task10__gsd-run3-be,gsd,backend,true,true,true,33,0,33,7,0,7,1,false,1,1,0,1,1,0.96,0.984,0.33460720000000005,16,109683,0,false,9151,2026-08-03T18:14:41.899Z
run/gsd/task10/gsd-run4,task10,gsd-run4,task10__gsd-run4,gsd,frontend,false,true,true,37,2,39,8,2,10,1,false,0.949,0.8,0.149,1,0.885,0.6,0.771,0.7131314999999999,28,236460,0,false,33321,2026-08-02T09:49:37.874Z
run/gsd/task10/gsd-run4-be,task10,gsd-run4-be,task10__gsd-run4-be,gsd,backend,true,true,true,33,0,33,7,0,7,1,false,1,1,0,1,1,0.96,0.984,0.43139070000000007,14,187921,0,false,8943,2026-08-03T18:19:04.553Z
run/gsd/task10/gsd-run5,task10,gsd-run5,task10__gsd-run5,gsd,frontend,false,true,true,37,2,39,8,2,10,1,false,0.949,0.8,0.149,1,0.885,0.59,0.767,1.7024005999999994,13,367763,0,false,33213,2026-08-02T09:57:21.900Z
run/gsd/task10/gsd-run5-be,task10,gsd-run5-be,task10__gsd-run5-be,gsd,backend,true,true,true,33,0,33,7,0,7,1,false,1,1,0,1,1,0.96,0.984,0.48637280000000005,27,161789,0,false,10568,2026-08-03T18:26:24.188Z
run/gsd/task11/gsd-run1,task11,gsd-run1,task11__gsd-run1,gsd,frontend,false,true,true,37,2,39,8,0,8,3,false,0.949,1,0,1,0.985,1,0.991,0.43658680000000005,21,157966,0,false,34173,2026-08-02T13:19:47.080Z
run/gsd/task11/gsd-run1-be,task11,gsd-run1-be,task11__gsd-run1-be,gsd,backend,true,true,true,33,0,33,6,0,6,1,false,1,1,0,1,1,0.99,0.996,0.3973969999999999,22,151437,0,false,11255,2026-08-04T15:58:36.966Z
run/gsd/task11/gsd-run2,task11,gsd-run2,task11__gsd-run2,gsd,frontend,false,true,true,37,2,39,8,0,8,3,false,0.949,1,0,1,0.985,1,0.991,0.5980463,23,327386,0,false,33466,2026-08-02T13:27:19.863Z
run/gsd/task11/gsd-run2-be,task11,gsd-run2-be,task11__gsd-run2-be,gsd,backend,true,true,true,33,0,33,6,0,6,1,false,1,1,0,1,1,0.99,0.996,0.3380915,10,131753,0,false,10347,2026-08-04T16:02:05.988Z
run/gsd/task11/gsd-run3,task11,gsd-run3,task11__gsd-run3,gsd,frontend,false,true,true,37,2,39,8,0,8,3,false,0.949,1,0,1,0.985,1,0.991,0.5232211,23,312943,0,false,33903,2026-08-02T13:36:58.302Z
run/gsd/task11/gsd-run3-be,task11,gsd-run3-be,task11__gsd-run3-be,gsd,backend,true,true,true,33,0,33,6,0,6,1,false,1,1,0,1,1,0.99,0.996,0.3564366,21,111394,0,false,12780,2026-08-04T16:05:26.264Z
run/gsd/task11/gsd-run4,task11,gsd-run4,task11__gsd-run4,gsd,frontend,false,true,true,37,2,39,8,0,8,3,false,0.949,1,0,1,0.985,1,0.991,0.3984825999999999,20,135088,0,false,33036,2026-08-02T13:45:02.380Z
run/gsd/task11/gsd-run4-be,task11,gsd-run4-be,task11__gsd-run4-be,gsd,backend,true,true,true,33,0,33,6,0,6,1,false,1,1,0,1,1,0.99,0.996,0.28688329999999995,15,103983,0,false,10663,2026-08-04T16:22:30.557Z
run/gsd/task11/gsd-run5,task11,gsd-run5,task11__gsd-run5,gsd,frontend,false,true,true,37,2,39,8,0,8,3,false,0.949,1,0,1,0.985,1,0.991,0.8495375000000001,34,263354,0,false,32929,2026-08-02T16:14:18.644Z
run/gsd/task11/gsd-run5-be,task11,gsd-run5-be,task11__gsd-run5-be,gsd,backend,true,true,true,33,0,33,6,0,6,1,false,1,1,0,1,1,0.99,0.996,0.7190794999999999,46,225612,0,false,11706,2026-08-04T16:27:43.024Z
run/gsd/task12/gsd-run1,task12,gsd-run1-be,task12__gsd-run1-be,gsd,backend,false,true,true,15,0,15,8,1,9,1,false,1,0.889,0.111,1,0.944,1,0.966,0.8163991000000002,36,287094,0,false,10930,2026-08-08T08:08:33.954Z
run/gsd/task12/gsd-run1,task12,gsd-run1,task12__gsd-run1,gsd,frontend,true,true,false,15,0,15,6,0,6,1,false,1,1,0,1,1,0.163,0.665,2.7113317000000015,85,1164567,0,false,30696,2026-08-08T07:59:30.239Z
run/gsd/task12/gsd-run2,task12,gsd-run2-be,task12__gsd-run2-be,gsd,backend,false,true,true,15,0,15,8,1,9,1,false,1,0.889,0.111,1,0.944,0.48,0.758,1.2517283999999997,38,480675,0,false,11765,2026-08-08T12:21:58.307Z
run/gsd/task12/gsd-run2,task12,gsd-run2,task12__gsd-run2,gsd,frontend,false,true,false,11,4,15,4,2,6,1,false,0.733,0.667,0.067,1,0.753,0.263,0.557,1.7275987999999998,43,4552293,1,true,119546,2026-08-08T12:03:43.712Z
run/gsd/task12/gsd-run3,task12,gsd-run3-be,task12__gsd-run3-be,gsd,backend,false,true,true,15,0,15,8,1,9,1,false,1,0.889,0.111,1,0.944,0.414,0.732,1.3679913500000005,36,694250,0,false,14549,2026-08-08T13:26:49.516Z
run/gsd/task12/gsd-run3,task12,gsd-run3,task12__gsd-run3,gsd,frontend,true,true,true,15,0,15,6,0,6,1,false,1,1,0,1,1,0.104,0.642,1.7222564,56,791141,0,false,43105,2026-08-08T13:13:39.077Z
run/gsd/task12/gsd-run4,task12,gsd-run4-be,task12__gsd-run4-be,gsd,backend,false,true,true,15,0,15,8,1,9,1,false,1,0.889,0.111,1,0.944,0.46,0.75,2.0513491999999998,60,755129,0,false,59046,2026-08-09T08:17:03.568Z
run/gsd/task12/gsd-run4,task12,gsd-run4,task12__gsd-run4,gsd,frontend,true,true,true,15,0,15,6,0,6,1,false,1,1,0,1,1,0.264,0.706,3.0156687000000004,70,1448647,0,false,30781,2026-08-09T08:00:26.363Z
run/gsd/task12/gsd-run5,task12,gsd-run5-be,task12__gsd-run5-be,gsd,backend,false,true,true,15,0,15,8,1,9,1,false,1,0.889,0.111,1,0.944,0.4,0.726,2.0303069,72,645385,0,false,11354,2026-08-10T07:39:28.610Z
run/gsd/task12/gsd-run5,task12,gsd-run5,task12__gsd-run5,gsd,frontend,true,true,true,15,0,15,6,0,6,1,false,1,1,0,1,1,0.181,0.672,3.3428359999999997,117,1580604,0,false,37259,2026-08-10T07:24:58.343Z
run/gsd/task13/gsd-run1,task13,gsd-run1-be,task13__gsd-run1-be,gsd,backend,true,true,true,25,0,25,7,0,7,1,false,1,1,0,1,1,0.488,0.795,0.7344900999999999,30,293549,0,false,11725,2026-08-08T10:45:23.709Z
run/gsd/task13/gsd-run1,task13,gsd-run1,task13__gsd-run1,gsd,frontend,false,true,true,25,0,25,5,2,7,1,false,1,0.714,0.286,1,0.857,0.42,0.682,1.2980243,43,561329,0,false,94354,2026-08-08T10:34:31.237Z
run/gsd/task13/gsd-run2,task13,gsd-run2-be,task13__gsd-run2-be,gsd,backend,true,true,true,25,0,25,7,0,7,1,false,1,1,0,1,1,0.412,0.765,0.99094665,33,423868,0,false,10303,2026-08-08T12:55:14.096Z
run/gsd/task13/gsd-run2,task13,gsd-run2,task13__gsd-run2,gsd,frontend,false,true,true,21,4,25,4,3,7,1,false,0.84,0.571,0.269,1,0.738,0.452,0.624,1.2957748999999998,40,647526,0,false,39701,2026-08-08T12:40:24.505Z
run/gsd/task13/gsd-run3,task13,gsd-run3-be,task13__gsd-run3-be,gsd,backend,true,true,true,25,0,25,7,0,7,1,false,1,1,0,1,1,0.448,0.779,0.9123219999999999,28,391300,0,false,10764,2026-08-09T07:21:32.859Z
run/gsd/task13/gsd-run3,task13,gsd-run3,task13__gsd-run3,gsd,frontend,false,true,true,25,0,25,5,2,7,1,false,1,0.714,0.286,1,0.857,0.985,0.908,1.8289339999999996,50,591241,0,false,38087,2026-08-09T07:08:47.907Z
run/gsd/task13/gsd-run4,task13,gsd-run4-be,task13__gsd-run4-be,gsd,backend,true,true,true,25,0,25,7,0,7,1,false,1,1,0,1,1,0.447,0.779,1.2981733999999998,59,483516,0,false,10375,2026-08-09T08:37:04.947Z
run/gsd/task13/gsd-run4,task13,gsd-run4,task13__gsd-run4,gsd,frontend,false,true,true,25,0,25,5,2,7,1,false,1,0.714,0.286,1,0.857,1,0.914,0.9981539000000001,32,302149,0,false,37211,2026-08-09T08:27:48.949Z
run/gsd/task13/gsd-run5,task13,gsd-run5-be,task13__gsd-run5-be,gsd,backend,true,true,true,25,0,25,7,0,7,1,false,1,1,0,1,1,1,1,0.9148301499999999,22,466230,0,false,10596,2026-08-10T08:02:47.179Z
run/gsd/task13/gsd-run5,task13,gsd-run5,task13__gsd-run5,gsd,frontend,false,true,true,25,0,25,5,2,7,1,false,1,0.714,0.286,1,0.857,0.99,0.91,1.2972032000000002,49,535398,0,false,43137,2026-08-10T07:50:15.677Z
run/gsd/task2/gsd-run1,task2,gsd-run1,task2__gsd-run1,gsd,frontend,true,true,true,17,0,17,15,0,15,6,false,1,1,0,1,1,1,1,0.3835858,23,208574,0,false,29339,2026-07-31T15:28:56.631Z
run/gsd/task2/gsd-run1-be,task2,gsd-run1-be,task2__gsd-run1-be,gsd,backend,false,true,true,19,0,19,16,1,17,6,false,1,0.941,0.059,1,0.971,0.95,0.963,0.6721164999999999,31,219941,0,false,8659,2026-08-01T07:22:17.416Z
run/gsd/task2/gsd-run2,task2,gsd-run2,task2__gsd-run2,gsd,frontend,true,true,true,17,0,17,15,0,15,6,false,1,1,0,1,1,1,1,0.46130200000000005,29,176204,0,false,29336,2026-07-31T15:37:14.298Z
run/gsd/task2/gsd-run2-be,task2,gsd-run2-be,task2__gsd-run2-be,gsd,backend,false,true,true,19,0,19,16,1,17,6,false,1,0.941,0.059,1,0.971,0.95,0.963,0.42440100000000003,20,134308,0,false,9262,2026-08-01T07:29:52.478Z
run/gsd/task2/gsd-run3,task2,gsd-run3,task2__gsd-run3,gsd,frontend,true,true,true,17,0,17,15,0,15,6,false,1,1,0,1,1,1,1,0.4486432,27,228491,0,false,40267,2026-07-31T15:44:30.164Z
run/gsd/task2/gsd-run3-be,task2,gsd-run3-be,task2__gsd-run3-be,gsd,backend,false,true,true,19,0,19,16,1,17,6,false,1,0.941,0.059,1,0.971,0.95,0.963,0.4073814,20,124907,0,false,8758,2026-08-01T07:33:10.402Z
run/gsd/task2/gsd-run4,task2,gsd-run4,task2__gsd-run4,gsd,frontend,true,true,true,17,0,17,15,0,15,6,false,1,1,0,1,1,1,1,0.3666904,20,124794,0,false,28334,2026-07-31T15:52:20.582Z
run/gsd/task2/gsd-run4-be,task2,gsd-run4-be,task2__gsd-run4-be,gsd,backend,false,true,true,19,0,19,16,1,17,6,false,1,0.941,0.059,1,0.971,0.95,0.963,0.3670087,18,137760,0,false,9102,2026-08-01T07:40:09.647Z
run/gsd/task2/gsd-run5,task2,gsd-run5,task2__gsd-run5,gsd,frontend,true,true,true,17,0,17,15,0,15,6,false,1,1,0,1,1,1,1,0.2949499,17,93249,0,false,28686,2026-07-31T15:55:39.293Z
run/gsd/task2/gsd-run5-be,task2,gsd-run5-be,task2__gsd-run5-be,gsd,backend,false,true,true,19,0,19,16,1,17,6,false,1,0.941,0.059,1,0.971,0.95,0.963,0.3983068,18,130359,0,false,8841,2026-08-01T07:44:02.818Z
run/gsd/task3/gsd-run1,task3,gsd-run1,task3__gsd-run1,gsd,frontend,true,true,true,17,0,17,15,0,15,6,false,1,1,0,1,1,0.755,0.902,0.5291794000000001,29,168511,0,false,28154,2026-07-31T16:07:33.132Z
run/gsd/task3/gsd-run1-be,task3,gsd-run1-be,task3__gsd-run1-be,gsd,backend,true,true,true,21,0,21,13,0,13,5,false,1,1,0,1,1,0.886,0.954,0.6818953,21,292840,0,false,43155,2026-08-01T08:19:04.822Z
run/gsd/task3/gsd-run2,task3,gsd-run2,task3__gsd-run2,gsd,frontend,true,true,true,17,0,17,15,0,15,6,false,1,1,0,1,1,0.755,0.902,0.5713078,31,208230,0,false,27524,2026-07-31T16:12:33.003Z
run/gsd/task3/gsd-run2-be,task3,gsd-run2-be,task3__gsd-run2-be,gsd,backend,true,true,true,21,0,21,13,0,13,5,false,1,1,0,1,1,1,1,0.5664897999999998,17,237541,0,false,13222,2026-08-01T08:27:44.910Z
run/gsd/task3/gsd-run3,task3,gsd-run3,task3__gsd-run3,gsd,frontend,true,true,true,17,0,17,15,0,15,6,false,1,1,0,1,1,0.755,0.902,0.5748919,34,182526,0,false,28268,2026-07-31T16:17:16.584Z
run/gsd/task3/gsd-run3-be,task3,gsd-run3-be,task3__gsd-run3-be,gsd,backend,true,true,true,19,0,19,13,0,13,5,false,1,1,0,1,1,0.944,0.978,0.6546865000000001,21,255101,0,false,12237,2026-08-01T08:33:15.162Z
run/gsd/task3/gsd-run4,task3,gsd-run4,task3__gsd-run4,gsd,frontend,true,true,true,17,0,17,15,0,15,6,false,1,1,0,1,1,0.755,0.902,0.656398,39,185234,0,false,28880,2026-07-31T16:21:55.870Z
run/gsd/task3/gsd-run4-be,task3,gsd-run4-be,task3__gsd-run4-be,gsd,backend,true,true,true,22,0,22,13,0,13,5,false,1,1,0,1,1,0.945,0.978,0.7799523,34,358919,0,false,13458,2026-08-01T08:41:03.926Z
run/gsd/task3/gsd-run5,task3,gsd-run5,task3__gsd-run5,gsd,frontend,true,true,true,17,0,17,15,0,15,6,false,1,1,0,1,1,0.755,0.902,0.5223986,33,247216,0,false,29349,2026-07-31T16:28:48.139Z
run/gsd/task3/gsd-run5-be,task3,gsd-run5-be,task3__gsd-run5-be,gsd,backend,true,true,true,23,0,23,13,0,13,5,false,1,1,0,1,1,0.829,0.932,0.8271751,29,341974,0,false,13747,2026-08-01T08:54:53.251Z
run/gsd/task4/gsd-run1,task4,gsd-run1,task4__gsd-run1,gsd,frontend,true,true,true,17,0,17,18,0,18,7,false,1,1,0,1,1,1,1,0.37280169999999996,20,250734,0,false,45465,2026-07-31T17:09:14.302Z
run/gsd/task4/gsd-run1-be,task4,gsd-run1-be,task4__gsd-run1-be,gsd,backend,false,true,true,19,0,19,0,0,0,5,true,1,0,1,1,0.5,0.74,0.596,0.8023370500000001,26,341342,0,false,7408,2026-08-01T15:21:11.369Z
run/gsd/task4/gsd-run2,task4,gsd-run2,task4__gsd-run2,gsd,frontend,true,true,true,17,0,17,18,0,18,7,false,1,1,0,1,1,1,1,0.40329279999999995,21,222342,0,false,29796,2026-07-31T17:15:41.253Z
run/gsd/task4/gsd-run2-be,task4,gsd-run2-be,task4__gsd-run2-be,gsd,backend,false,true,true,9,10,19,0,0,0,5,true,0.474,0,0.474,1,0.342,1,0.605,0.5925250000000001,27,223633,0,false,7961,2026-08-01T15:30:29.236Z
run/gsd/task4/gsd-run3,task4,gsd-run3,task4__gsd-run3,gsd,frontend,true,true,true,17,0,17,18,0,18,7,false,1,1,0,1,1,1,1,0.4805268999999999,23,188649,0,false,31797,2026-07-31T17:23:09.537Z
run/gsd/task4/gsd-run3-be,task4,gsd-run3-be,task4__gsd-run3-be,gsd,backend,false,true,true,19,0,19,0,0,0,5,true,1,0,1,1,0.5,0.53,0.512,0.5539999000000001,29,219774,0,false,7476,2026-08-01T15:45:36.581Z
run/gsd/task4/gsd-run4,task4,gsd-run4,task4__gsd-run4,gsd,frontend,true,true,true,17,0,17,18,0,18,7,false,1,1,0,1,1,1,1,0.34829980000000005,20,109547,0,false,31634,2026-07-31T17:26:33.435Z
run/gsd/task4/gsd-run4-be,task4,gsd-run4-be,task4__gsd-run4-be,gsd,backend,false,true,true,19,0,19,0,0,0,5,true,1,0,1,1,0.5,0.74,0.596,0.5429662,27,205668,0,false,6596,2026-08-01T15:52:32.584Z
run/gsd/task4/gsd-run5,task4,gsd-run5,task4__gsd-run5,gsd,frontend,true,true,true,17,0,17,18,0,18,7,false,1,1,0,1,1,1,1,0.3475339,21,101942,0,false,29486,2026-07-31T17:29:48.071Z
run/gsd/task4/gsd-run5-be,task4,gsd-run5-be,task4__gsd-run5-be,gsd,backend,false,true,true,9,10,19,0,0,0,5,true,0.474,0,0.474,1,0.342,1,0.605,0.6096106,27,247452,0,false,7681,2026-08-01T16:01:07.407Z
run/gsd/task5/gsd-run1,task5,gsd-run1,task5__gsd-run1,gsd,frontend,true,true,true,21,0,21,4,0,4,1,false,1,1,0,1,1,1,1,0.9033313,41,347825,0,false,42665,2026-07-31T18:00:14.076Z
run/gsd/task5/gsd-run1-be,task5,gsd-run1-be,task5__gsd-run1-be,gsd,backend,true,true,true,23,0,23,21,0,21,6,false,1,1,0,1,1,0.9,0.96,0.3630896,19,87704,0,false,8927,2026-08-01T17:02:10.719Z
run/gsd/task5/gsd-run2,task5,gsd-run2,task5__gsd-run2,gsd,frontend,true,true,true,20,0,20,4,0,4,1,false,1,1,0,1,1,1,1,0.9352854999999998,35,449300,0,false,37643,2026-07-31T18:09:51.820Z
run/gsd/task5/gsd-run2-be,task5,gsd-run2-be,task5__gsd-run2-be,gsd,backend,true,true,true,23,0,23,21,0,21,6,false,1,1,0,1,1,0.9,0.96,0.36713979999999996,20,101530,0,false,8184,2026-08-01T17:05:26.859Z
run/gsd/task5/gsd-run3,task5,gsd-run3,task5__gsd-run3,gsd,frontend,true,true,true,27,0,27,4,0,4,1,false,1,1,0,1,1,1,1,0.5198878,29,240168,0,false,47111,2026-07-31T18:16:23.251Z
run/gsd/task5/gsd-run3-be,task5,gsd-run3-be,task5__gsd-run3-be,gsd,backend,true,true,true,23,0,23,21,0,21,6,false,1,1,0,1,1,0.9,0.96,0.34911100000000006,18,78090,0,false,8269,2026-08-01T17:07:58.463Z
run/gsd/task5/gsd-run4,task5,gsd-run4,task5__gsd-run4,gsd,frontend,true,true,true,17,0,17,4,0,4,1,false,1,1,0,1,1,1,1,0.8080722999999999,39,319121,0,false,40127,2026-07-31T18:27:10.408Z
run/gsd/task5/gsd-run4-be,task5,gsd-run4-be,task5__gsd-run4-be,gsd,backend,true,true,true,23,0,23,21,0,21,6,false,1,1,0,1,1,0.9,0.96,0.3930435,21,95865,0,false,8166,2026-08-01T17:10:52.869Z
run/gsd/task5/gsd-run5,task5,gsd-run5,task5__gsd-run5,gsd,frontend,true,true,true,21,0,21,4,0,4,1,false,1,1,0,1,1,1,1,1.2066115,47,511185,0,false,38150,2026-07-31T18:37:29.017Z
run/gsd/task5/gsd-run5-be,task5,gsd-run5-be,task5__gsd-run5-be,gsd,backend,true,true,true,23,0,23,21,0,21,6,false,1,1,0,1,1,0.9,0.96,0.3560896,19,78329,0,false,8633,2026-08-01T17:13:35.343Z
run/gsd/task6/gsd-run1,task6,gsd-run1,task6__gsd-run1,gsd,frontend,true,true,true,17,0,17,16,0,16,6,false,1,1,0,1,1,0.68,0.872,0.5600167,31,170569,0,false,27365,2026-07-31T19:24:36.246Z
run/gsd/task6/gsd-run1-be,task6,gsd-run1-be,task6__gsd-run1-be,gsd,backend,true,true,true,19,0,19,19,0,19,6,false,1,1,0,1,1,0.97,0.988,0.46101110000000006,22,113740,0,false,9305,2026-08-01T17:35:11.601Z
run/gsd/task6/gsd-run2,task6,gsd-run2,task6__gsd-run2,gsd,frontend,true,true,true,17,0,17,16,0,16,6,false,1,1,0,1,1,0.67,0.868,0.7007986000000002,39,270651,0,false,27122,2026-07-31T19:32:00.765Z
run/gsd/task6/gsd-run2-be,task6,gsd-run2-be,task6__gsd-run2-be,gsd,backend,true,true,true,19,0,19,19,0,19,6,false,1,1,0,1,1,0.95,0.98,0.29588889999999995,14,79817,0,false,8210,2026-08-01T17:37:45.950Z
run/gsd/task6/gsd-run3,task6,gsd-run3,task6__gsd-run3,gsd,frontend,true,true,true,17,0,17,16,0,16,6,false,1,1,0,1,1,0.67,0.868,0.5427707,30,171065,0,false,27424,2026-07-31T19:39:12.508Z
run/gsd/task6/gsd-run3-be,task6,gsd-run3-be,task6__gsd-run3-be,gsd,backend,true,true,true,19,0,19,19,0,19,6,false,1,1,0,1,1,0.97,0.988,0.2957491,16,87581,0,false,7947,2026-08-01T17:40:55.531Z
run/gsd/task6/gsd-run4,task6,gsd-run4,task6__gsd-run4,gsd,frontend,true,true,true,17,0,17,16,0,16,6,false,1,1,0,1,1,0.68,0.872,0.5918726999999999,31,179171,0,false,27134,2026-07-31T19:43:48.774Z
run/gsd/task6/gsd-run4-be,task6,gsd-run4-be,task6__gsd-run4-be,gsd,backend,true,true,true,19,0,19,19,0,19,6,false,1,1,0,1,1,0.97,0.988,0.29406420000000005,14,87977,0,false,8574,2026-08-01T17:52:33.645Z
run/gsd/task6/gsd-run5,task6,gsd-run5,task6__gsd-run5,gsd,frontend,true,true,true,17,0,17,16,0,16,6,false,1,1,0,1,1,0.76,0.904,0.5692674999999999,30,175170,0,false,28540,2026-07-31T19:48:08.188Z
run/gsd/task6/gsd-run5-be,task6,gsd-run5-be,task6__gsd-run5-be,gsd,backend,true,true,true,19,0,19,19,0,19,6,false,1,1,0,1,1,0.97,0.988,0.3081754,15,94063,0,false,8850,2026-08-01T17:56:12.867Z
run/gsd/task7/gsd-run1,task7,gsd-run1,task7__gsd-run1,gsd,frontend,true,true,true,39,0,39,14,0,14,4,false,1,1,0,1,1,1,1,0.39520000000000005,20,139064,0,false,49329,2026-08-01T19:56:26.515Z
run/gsd/task7/gsd-run1-be,task7,gsd-run1-be,task7__gsd-run1-be,gsd,backend,true,true,true,33,0,33,5,0,5,1,false,1,1,0,1,1,1,1,0.1767031,9,45356,0,false,9448,2026-08-02T16:55:06.005Z
run/gsd/task7/gsd-run2,task7,gsd-run2,task7__gsd-run2,gsd,frontend,true,true,true,39,0,39,14,0,14,4,false,1,1,0,1,1,1,1,0.43963329999999995,22,137358,0,false,47053,2026-08-01T20:00:58.266Z
run/gsd/task7/gsd-run2-be,task7,gsd-run2-be,task7__gsd-run2-be,gsd,backend,true,true,true,33,0,33,5,0,5,1,false,1,1,0,1,1,1,1,0.2853196,16,97785,0,false,11241,2026-08-02T17:04:03.356Z
run/gsd/task7/gsd-run3,task7,gsd-run3,task7__gsd-run3,gsd,frontend,true,true,true,39,0,39,14,0,14,4,false,1,1,0,1,1,1,1,0.4226441999999999,22,148875,0,false,47159,2026-08-01T20:05:40.833Z
run/gsd/task7/gsd-run3-be,task7,gsd-run3-be,task7__gsd-run3-be,gsd,backend,true,true,true,33,0,33,5,0,5,1,false,1,1,0,1,1,1,1,0.2647854,17,70488,0,false,9533,2026-08-02T17:06:25.296Z
run/gsd/task7/gsd-run4,task7,gsd-run4,task7__gsd-run4,gsd,frontend,true,true,true,39,0,39,14,0,14,4,false,1,1,0,1,1,1,1,0.5610241,31,217114,0,false,46923,2026-08-01T20:13:59.432Z
run/gsd/task7/gsd-run4-be,task7,gsd-run4-be,task7__gsd-run4-be,gsd,backend,true,true,true,33,0,33,5,0,5,1,false,1,1,0,1,1,1,1,0.2164183,11,50603,0,false,10209,2026-08-02T17:08:39.592Z
run/gsd/task7/gsd-run5,task7,gsd-run5,task7__gsd-run5,gsd,frontend,true,true,true,39,0,39,14,0,14,4,false,1,1,0,1,1,1,1,0.5951476000000001,33,186230,0,false,46897,2026-08-01T20:19:28.286Z
run/gsd/task7/gsd-run5-be,task7,gsd-run5-be,task7__gsd-run5-be,gsd,backend,true,true,true,33,0,33,5,0,5,1,false,1,1,0,1,1,1,1,0.2279929,11,53061,0,false,10482,2026-08-02T17:10:44.780Z
run/gsd/task8/gsd-run1,task8,gsd-run1,task8__gsd-run1,gsd,frontend,false,true,true,37,2,39,11,1,12,3,false,0.949,0.917,0.032,1,0.943,0.93,0.938,0.5447281,30,236161,0,false,47640,2026-08-01T20:25:59.318Z
run/gsd/task8/gsd-run1-be,task8,gsd-run1-be,task8__gsd-run1-be,gsd,backend,true,true,true,33,0,33,5,0,5,1,false,1,1,0,1,1,1,1,0.5815267,29,272147,0,false,10457,2026-08-02T17:28:10.690Z
run/gsd/task8/gsd-run2,task8,gsd-run2,task8__gsd-run2,gsd,frontend,false,true,true,37,2,39,12,0,12,3,false,0.949,1,0,1,0.985,0.93,0.963,0.5254812999999999,19,263419,0,false,46613,2026-08-01T20:32:39.297Z
run/gsd/task8/gsd-run2-be,task8,gsd-run2-be,task8__gsd-run2-be,gsd,backend,true,true,true,33,0,33,5,0,5,1,false,1,1,0,1,1,1,1,0.8875507,52,287479,0,false,9363,2026-08-02T17:37:18.013Z
run/gsd/task8/gsd-run3,task8,gsd-run3,task8__gsd-run3,gsd,frontend,false,true,true,37,2,39,11,1,12,3,false,0.949,0.917,0.032,1,0.943,0.93,0.938,0.5237067000000001,32,267203,0,false,48004,2026-08-01T20:39:50.426Z
run/gsd/task8/gsd-run3-be,task8,gsd-run3-be,task8__gsd-run3-be,gsd,backend,true,true,true,33,0,33,5,0,5,1,false,1,1,0,1,1,1,1,0.5301625,24,207630,0,false,52363,2026-08-02T17:42:04.968Z
run/gsd/task8/gsd-run4,task8,gsd-run4,task8__gsd-run4,gsd,frontend,false,true,true,37,2,39,11,1,12,3,false,0.949,0.917,0.032,1,0.943,0.93,0.938,0.5042985999999999,27,219389,0,false,48463,2026-08-01T20:47:58.523Z
run/gsd/task8/gsd-run4-be,task8,gsd-run4-be,task8__gsd-run4-be,gsd,backend,true,true,true,33,0,33,5,0,5,1,false,1,1,0,1,1,1,1,0.6690021999999999,45,292107,0,false,13682,2026-08-03T16:11:05.069Z
run/gsd/task8/gsd-run5,task8,gsd-run5,task8__gsd-run5,gsd,frontend,false,true,true,37,2,39,11,1,12,3,false,0.949,0.917,0.032,1,0.943,0.93,0.938,0.6310018000000001,27,165364,0,false,35118,2026-08-02T07:21:00.092Z
run/gsd/task8/gsd-run5-be,task8,gsd-run5-be,task8__gsd-run5-be,gsd,backend,true,true,true,33,0,33,5,0,5,1,false,1,1,0,1,1,1,1,0.9502452,46,391124,0,false,12753,2026-08-03T16:23:16.070Z
run/gsd/task9/gsd-run1,task9,gsd-run1,task9__gsd-run1,gsd,frontend,false,true,true,37,2,39,9,0,9,1,false,0.949,1,0,1,0.985,0.88,0.943,0.5824197999999999,31,266613,0,false,32596,2026-08-02T08:15:20.964Z
run/gsd/task9/gsd-run1-be,task9,gsd-run1-be,task9__gsd-run1-be,gsd,backend,true,true,true,33,0,33,6,0,6,1,false,1,1,0,1,1,0.96,0.984,0.6340159,31,205054,0,false,9538,2026-08-03T16:57:19.016Z
run/gsd/task9/gsd-run2,task9,gsd-run2,task9__gsd-run2,gsd,frontend,false,true,true,37,2,39,9,0,9,1,false,0.949,1,0,1,0.985,0.88,0.943,0.35258649999999997,16,225136,0,false,30659,2026-08-02T08:24:34.009Z
run/gsd/task9/gsd-run2-be,task9,gsd-run2-be,task9__gsd-run2-be,gsd,backend,false,true,true,33,0,33,5,1,6,1,false,1,0.833,0.167,1,0.917,0.96,0.934,0.6650809,34,183968,0,false,11842,2026-08-03T17:01:38.618Z
run/gsd/task9/gsd-run3,task9,gsd-run3,task9__gsd-run3,gsd,frontend,false,true,true,37,2,39,9,0,9,1,false,0.949,1,0,1,0.985,0.86,0.935,0.4273857999999999,18,174412,0,false,29651,2026-08-02T08:31:22.772Z
run/gsd/task9/gsd-run3-be,task9,gsd-run3-be,task9__gsd-run3-be,gsd,backend,false,true,true,33,0,33,5,1,6,1,false,1,0.833,0.167,1,0.917,0.96,0.934,0.6985513,39,198785,0,false,10335,2026-08-03T17:06:17.674Z
run/gsd/task9/gsd-run4,task9,gsd-run4,task9__gsd-run4,gsd,frontend,false,true,true,37,2,39,9,0,9,1,false,0.949,1,0,1,0.985,0.88,0.943,0.4200652000000001,21,168059,0,false,31695,2026-08-02T08:35:37.721Z
run/gsd/task9/gsd-run4-be,task9,gsd-run4-be,task9__gsd-run4-be,gsd,backend,false,true,true,33,0,33,5,1,6,1,false,1,0.833,0.167,1,0.917,0.96,0.934,0.6545793,37,251763,0,false,12243,2026-08-03T17:11:53.144Z
run/gsd/task9/gsd-run5,task9,gsd-run5,task9__gsd-run5,gsd,frontend,false,true,true,37,2,39,9,0,9,1,false,0.949,1,0,1,0.985,0.88,0.943,0.4924699,23,272162,0,false,29751,2026-08-02T08:41:39.609Z
run/gsd/task9/gsd-run5-be,task9,gsd-run5-be,task9__gsd-run5-be,gsd,backend,false,true,true,33,0,33,5,1,6,1,false,1,0.833,0.167,1,0.917,1,0.95,0.5932377000000001,35,198004,0,false,14687,2026-08-03T17:19:55.578Z
run/wiggum/task1/wiggum-run1,task1,wiggum-run1,task1__wiggum-run1,wiggum,frontend,true,true,true,17,0,17,15,0,15,6,false,1,1,0,1,1,0.77,0.908,0.591761,31,183754,0,false,81158,2026-07-31T14:27:52.326Z
run/wiggum/task1/wiggum-run1-be,task1,wiggum-run1-be,task1__wiggum-run1-be,wiggum,backend,false,false,false,18,0,18,10,0,10,2,false,1,1,0,0,0.8,0.94,0.856,0.30932570000000004,11,44829,0,false,9829,2026-08-01T07:04:24.714Z
run/wiggum/task1/wiggum-run2,task1,wiggum-run2,task1__wiggum-run2,wiggum,frontend,true,true,true,17,0,17,15,0,15,6,false,1,1,0,1,1,0.77,0.908,0.35491739999999994,23,99475,0,false,28541,2026-07-31T14:34:58.133Z
run/wiggum/task1/wiggum-run2-be,task1,wiggum-run2-be,task1__wiggum-run2-be,wiggum,backend,true,true,true,18,0,18,10,0,10,2,false,1,1,0,1,1,0.96,0.984,0.596108,28,219257,0,false,7589,2026-08-01T07:09:35.773Z
run/wiggum/task1/wiggum-run3,task1,wiggum-run3,task1__wiggum-run3,wiggum,frontend,true,true,true,17,0,17,15,0,15,6,false,1,1,0,1,1,0.77,0.908,0.362531,26,205252,0,false,33631,2026-07-31T14:43:49.020Z
run/wiggum/task1/wiggum-run3-be,task1,wiggum-run3-be,task1__wiggum-run3-be,wiggum,backend,false,false,false,18,0,18,10,0,10,2,false,1,1,0,0,0.8,0.92,0.848,0.2105699,12,46635,0,false,7774,2026-08-01T07:11:38.184Z
run/wiggum/task1/wiggum-run4,task1,wiggum-run4,task1__wiggum-run4,wiggum,frontend,true,true,true,17,0,17,15,0,15,6,false,1,1,0,1,1,0.77,0.908,0.40267819999999993,23,134100,0,false,30596,2026-07-31T14:52:30.459Z
run/wiggum/task1/wiggum-run4-be,task1,wiggum-run4-be,task1__wiggum-run4-be,wiggum,backend,false,false,false,18,0,18,10,0,10,2,false,1,1,0,0,0.8,1,0.88,0.19538909999999998,11,45305,0,false,7608,2026-08-01T07:13:59.555Z
run/wiggum/task1/wiggum-run5,task1,wiggum-run5,task1__wiggum-run5,wiggum,frontend,true,true,true,17,0,17,15,0,15,6,false,1,1,0,1,1,0.77,0.908,0.486599,29,275228,0,false,51474,2026-07-31T15:00:07.899Z
run/wiggum/task1/wiggum-run5-be,task1,wiggum-run5-be,task1__wiggum-run5-be,wiggum,backend,false,false,false,18,0,18,10,0,10,2,false,1,1,0,0,0.8,0.93,0.852,0.19187810000000002,12,51177,0,false,7634,2026-08-01T07:16:22.388Z
run/wiggum/task10/wiggum-run1,task10,wiggum-run1,task10__wiggum-run1,wiggum,frontend,false,true,true,37,2,39,8,2,10,1,false,0.949,0.8,0.149,1,0.885,0.55,0.751,0.9650936,16,478865,0,false,57407,2026-08-02T10:12:36.415Z
run/wiggum/task10/wiggum-run1-be,task10,wiggum-run1-be,task10__wiggum-run1-be,wiggum,backend,true,true,true,33,0,33,7,0,7,1,false,1,1,0,1,1,0.96,0.984,0.3504509,14,67375,0,false,14416,2026-08-04T15:31:51.097Z
run/wiggum/task10/wiggum-run2,task10,wiggum-run2,task10__wiggum-run2,wiggum,frontend,false,true,true,37,2,39,8,2,10,1,false,0.949,0.8,0.149,1,0.885,0.59,0.767,0.8006918000000001,35,495015,0,false,53803,2026-08-02T10:27:12.353Z
run/wiggum/task10/wiggum-run2-be,task10,wiggum-run2-be,task10__wiggum-run2-be,wiggum,backend,true,true,true,33,0,33,7,0,7,1,false,1,1,0,1,1,0.96,0.984,0.20721170000000003,12,73213,0,false,12942,2026-08-04T15:39:08.477Z
run/wiggum/task10/wiggum-run3,task10,wiggum-run3,task10__wiggum-run3,wiggum,frontend,false,true,true,37,2,39,8,2,10,1,false,0.949,0.8,0.149,1,0.885,0.6,0.771,0.6035666000000001,25,312437,0,false,38636,2026-08-02T10:37:21.076Z
run/wiggum/task10/wiggum-run3-be,task10,wiggum-run3-be,task10__wiggum-run3-be,wiggum,backend,true,true,true,33,0,33,7,0,7,1,false,1,1,0,1,1,0.96,0.984,0.1968761,11,50705,0,false,13149,2026-08-04T15:41:16.650Z
run/wiggum/task10/wiggum-run4,task10,wiggum-run4,task10__wiggum-run4,wiggum,frontend,false,true,true,37,2,39,8,2,10,1,false,0.949,0.8,0.149,1,0.885,0.55,0.751,0.6842717,26,428649,0,false,56236,2026-08-02T13:05:03.711Z
run/wiggum/task10/wiggum-run4-be,task10,wiggum-run4-be,task10__wiggum-run4-be,wiggum,backend,true,true,true,33,0,33,7,0,7,1,false,1,1,0,1,1,0.96,0.984,0.2526836,17,70259,0,false,12656,2026-08-04T15:44:07.960Z
run/wiggum/task10/wiggum-run5,task10,wiggum-run5,task10__wiggum-run5,wiggum,frontend,false,true,true,37,2,39,8,2,10,1,false,0.949,0.8,0.149,1,0.885,0.55,0.751,0.5720774000000001,27,279930,0,false,41765,2026-08-02T13:14:51.367Z
run/wiggum/task10/wiggum-run5-be,task10,wiggum-run5-be,task10__wiggum-run5-be,wiggum,backend,true,true,true,33,0,33,7,0,7,1,false,1,1,0,1,1,0.96,0.984,0.2058689,12,63048,0,false,59017,2026-08-04T15:47:12.040Z
run/wiggum/task11/wiggum-run1,task11,wiggum-run1,task11__wiggum-run1,wiggum,frontend,false,true,true,37,2,39,8,0,8,3,false,0.949,1,0,1,0.985,1,0.991,0.41459369999999995,20,207556,0,false,35231,2026-08-02T16:22:42.581Z
run/wiggum/task11/wiggum-run1-be,task11,wiggum-run1-be,task11__wiggum-run1-be,wiggum,backend,true,true,true,33,0,33,6,0,6,1,false,1,1,0,1,1,0.99,0.996,0.2673534,16,89614,0,false,11618,2026-08-04T16:37:32.068Z
run/wiggum/task11/wiggum-run2,task11,wiggum-run2,task11__wiggum-run2,wiggum,frontend,false,true,true,37,2,39,8,0,8,3,false,0.949,1,0,1,0.985,1,0.991,0.3654899999999999,19,299519,0,false,56896,2026-08-02T16:29:21.845Z
run/wiggum/task11/wiggum-run2-be,task11,wiggum-run2-be,task11__wiggum-run2-be,wiggum,backend,true,true,true,33,0,33,6,0,6,1,false,1,1,0,1,1,0.99,0.996,0.201272,12,66946,0,false,11041,2026-08-04T16:41:07.036Z
run/wiggum/task11/wiggum-run3,task11,wiggum-run3,task11__wiggum-run3,wiggum,frontend,false,true,true,37,2,39,8,0,8,3,false,0.949,1,0,1,0.985,1,0.991,0.2057294,12,59786,0,false,36107,2026-08-02T16:35:29.106Z
run/wiggum/task11/wiggum-run3-be,task11,wiggum-run3-be,task11__wiggum-run3-be,wiggum,backend,true,true,true,33,0,33,6,0,6,1,false,1,1,0,1,1,0.99,0.996,0.275609,18,102571,0,false,10381,2026-08-04T16:44:36.686Z
run/wiggum/task11/wiggum-run4,task11,wiggum-run4,task11__wiggum-run4,wiggum,frontend,false,true,true,37,2,39,8,0,8,3,false,0.949,1,0,1,0.985,1,0.991,0.27917369999999997,16,102465,0,false,34428,2026-08-02T16:38:56.742Z
run/wiggum/task11/wiggum-run4-be,task11,wiggum-run4-be,task11__wiggum-run4-be,wiggum,backend,true,true,true,33,0,33,6,0,6,1,false,1,1,0,1,1,0.99,0.996,0.2797028,20,83025,0,false,10130,2026-08-04T16:50:02.216Z
run/wiggum/task11/wiggum-run5,task11,wiggum-run5,task11__wiggum-run5,wiggum,frontend,false,true,true,37,2,39,8,0,8,3,false,0.949,1,0,1,0.985,1,0.991,0.3591207,22,147382,0,false,33437,2026-08-02T16:43:28.910Z
run/wiggum/task11/wiggum-run5-be,task11,wiggum-run5-be,task11__wiggum-run5-be,wiggum,backend,true,true,true,33,0,33,6,0,6,1,false,1,1,0,1,1,0.99,0.996,0.3964483999999999,23,129791,0,false,10171,2026-08-04T16:56:23.315Z
run/wiggum/task12/wiggum-run1,task12,wiggum-run1-be,task12__wiggum-run1-be,wiggum,backend,false,true,true,15,0,15,8,1,9,1,false,1,0.889,0.111,1,0.944,0.485,0.76,0.9164659,45,281187,0,false,10732,2026-08-06T17:16:35.472Z
run/wiggum/task12/wiggum-run1,task12,wiggum-run1,task12__wiggum-run1,wiggum,frontend,true,true,true,15,0,15,6,0,6,1,false,1,1,0,1,1,0.136,0.654,1.4427315999999997,51,734003,0,false,33244,2026-08-06T17:04:31.566Z
run/wiggum/task12/wiggum-run2,task12,wiggum-run2-be,task12__wiggum-run2-be,wiggum,backend,false,true,true,15,0,15,8,1,9,1,false,1,0.889,0.111,1,0.944,0.439,0.742,1.1169419,55,372863,0,false,10193,2026-08-06T18:08:37.517Z
run/wiggum/task12/wiggum-run2,task12,wiggum-run2,task12__wiggum-run2,wiggum,frontend,true,true,true,15,0,15,6,0,6,1,false,1,1,0,1,1,0.26,0.704,1.4053660000000003,40,595250,0,false,52788,2026-08-06T17:54:32.679Z
run/wiggum/task12/wiggum-run3,task12,wiggum-run3-be,task12__wiggum-run3-be,wiggum,backend,false,true,true,15,0,15,8,1,9,1,false,1,0.889,0.111,1,0.944,0.49,0.762,0.9636295,52,283555,0,false,11850,2026-08-07T18:04:27.767Z
run/wiggum/task12/wiggum-run3,task12,wiggum-run3,task12__wiggum-run3,wiggum,frontend,false,true,true,15,0,15,5,1,6,1,false,1,0.833,0.167,1,0.917,0.22,0.638,2.1789169000000004,63,1094061,0,false,41218,2026-08-07T17:55:10.605Z
run/wiggum/task12/wiggum-run4,task12,wiggum-run4-be,task12__wiggum-run4-be,wiggum,backend,false,true,true,15,0,15,8,1,9,1,false,1,0.889,0.111,1,0.944,0.39,0.722,1.4415406,67,494225,0,false,11257,2026-08-07T18:45:55.422Z
run/wiggum/task12/wiggum-run4,task12,wiggum-run4,task12__wiggum-run4,wiggum,frontend,true,true,false,15,0,15,6,0,6,1,false,1,1,0,1,1,0.238,0.695,1.3517329000000002,57,624128,0,false,50365,2026-08-07T18:32:50.411Z
run/wiggum/task12/wiggum-run5,task12,wiggum-run5-be,task12__wiggum-run5-be,wiggum,backend,false,true,true,15,0,15,8,1,9,1,false,1,0.889,0.111,1,0.944,0.39,0.722,0.8128146999999999,46,252643,0,false,25626,2026-08-08T07:28:04.918Z
run/wiggum/task12/wiggum-run5,task12,wiggum-run5,task12__wiggum-run5,wiggum,frontend,true,true,false,15,0,15,6,0,6,1,false,1,1,0,1,1,0.24,0.696,0.9825955,44,414428,0,false,54920,2026-08-08T07:18:40.786Z
run/wiggum/task13/wiggum-run1,task13,wiggum-run1-be,task13__wiggum-run1-be,wiggum,backend,true,true,true,25,0,25,7,0,7,1,false,1,1,0,1,1,1,1,0.43374240000000003,27,132080,0,false,10627,2026-08-06T17:39:30.137Z
run/wiggum/task13/wiggum-run1,task13,wiggum-run1,task13__wiggum-run1,wiggum,frontend,false,true,true,25,0,25,5,2,7,1,false,1,0.714,0.286,1,0.857,0.353,0.655,1.3721290000000002,71,479566,0,false,37111,2026-08-06T17:32:43.356Z
run/wiggum/task13/wiggum-run2,task13,wiggum-run2-be,task13__wiggum-run2-be,wiggum,backend,true,true,true,25,0,25,7,0,7,1,false,1,1,0,1,1,0.46,0.784,0.5870202,32,230542,0,false,15759,2026-08-07T17:29:58.944Z
run/wiggum/task13/wiggum-run2,task13,wiggum-run2,task13__wiggum-run2,wiggum,frontend,false,true,true,25,0,25,5,2,7,1,false,1,0.714,0.286,1,0.857,1,0.914,1.1712964000000001,40,2133132,0,false,56312,2026-08-07T17:20:38.952Z
run/wiggum/task13/wiggum-run3,task13,wiggum-run3-be,task13__wiggum-run3-be,wiggum,backend,true,true,true,25,0,25,7,0,7,1,false,1,1,0,1,1,1,1,0.29547850000000003,20,67761,0,false,12394,2026-08-07T18:20:53.878Z
run/wiggum/task13/wiggum-run3,task13,wiggum-run3,task13__wiggum-run3,wiggum,frontend,false,true,true,25,0,25,5,2,7,1,false,1,0.714,0.286,1,0.857,0.99,0.91,0.9967111,55,508553,0,false,59899,2026-08-07T18:15:14.758Z
run/wiggum/task13/wiggum-run4,task13,wiggum-run4-be,task13__wiggum-run4-be,wiggum,backend,true,true,true,25,0,25,7,0,7,1,false,1,1,0,1,1,1,1,0.32290479999999994,23,105930,0,false,13334,2026-08-08T07:10:05.635Z
run/wiggum/task13/wiggum-run4,task13,wiggum-run4,task13__wiggum-run4,wiggum,frontend,false,true,true,25,0,25,4,3,7,1,false,1,0.571,0.429,1,0.786,0.41,0.636,0.9491473000000001,31,351830,0,false,96076,2026-08-08T07:03:03.654Z
run/wiggum/task13/wiggum-run5,task13,wiggum-run5-be,task13__wiggum-run5-be,wiggum,backend,true,true,true,25,0,25,7,0,7,1,false,1,1,0,1,1,1,1,0.3437177,24,72714,0,false,12522,2026-08-08T07:37:43.020Z
run/wiggum/task13/wiggum-run5,task13,wiggum-run5,task13__wiggum-run5,wiggum,frontend,false,true,true,25,0,25,4,3,7,1,false,1,0.571,0.429,1,0.786,0.53,0.684,0.9978655000000002,39,314046,0,false,46042,2026-08-08T07:35:03.153Z
run/wiggum/task2/wiggum-run1,task2,wiggum-run1,task2__wiggum-run1,wiggum,frontend,true,true,true,17,0,17,15,0,15,6,false,1,1,0,1,1,1,1,0.21866659999999996,14,71192,0,false,29701,2026-07-31T15:07:26.335Z
run/wiggum/task2/wiggum-run1-be,task2,wiggum-run1-be,task2__wiggum-run1-be,wiggum,backend,false,true,true,19,0,19,16,1,17,6,false,1,0.941,0.059,1,0.971,0.95,0.963,0.35892139999999995,17,152077,0,false,16504,2026-08-01T07:56:54.875Z
run/wiggum/task2/wiggum-run2,task2,wiggum-run2,task2__wiggum-run2,wiggum,frontend,true,true,true,17,0,17,15,0,15,6,false,1,1,0,1,1,1,1,0.23709359999999996,16,74290,0,false,31231,2026-07-31T15:10:53.046Z
run/wiggum/task2/wiggum-run2-be,task2,wiggum-run2-be,task2__wiggum-run2-be,wiggum,backend,false,true,true,19,0,19,16,1,17,6,false,1,0.941,0.059,1,0.971,0.95,0.963,0.2844512,17,77769,0,false,12430,2026-08-01T07:59:59.366Z
run/wiggum/task2/wiggum-run3,task2,wiggum-run3,task2__wiggum-run3,wiggum,frontend,true,true,true,17,0,17,15,0,15,6,false,1,1,0,1,1,1,1,0.2660016,18,92543,0,false,28539,2026-07-31T15:17:06.443Z
run/wiggum/task2/wiggum-run3-be,task2,wiggum-run3-be,task2__wiggum-run3-be,wiggum,backend,false,true,true,19,0,19,16,1,17,6,false,1,0.941,0.059,1,0.971,0.95,0.963,0.20468179999999997,10,57159,0,false,8886,2026-08-01T08:02:19.132Z
run/wiggum/task2/wiggum-run4,task2,wiggum-run4,task2__wiggum-run4,wiggum,frontend,true,true,true,17,0,17,15,0,15,6,false,1,1,0,1,1,1,1,0.22964839999999997,16,62731,0,false,29321,2026-07-31T15:19:58.113Z
run/wiggum/task2/wiggum-run4-be,task2,wiggum-run4-be,task2__wiggum-run4-be,wiggum,backend,false,true,true,19,0,19,16,1,17,6,false,1,0.941,0.059,1,0.971,0.95,0.963,0.5428542000000001,24,169929,0,false,8915,2026-08-01T08:08:14.826Z
run/wiggum/task2/wiggum-run5,task2,wiggum-run5,task2__wiggum-run5,wiggum,frontend,true,true,true,17,0,17,15,0,15,6,false,1,1,0,1,1,1,1,0.21125009999999994,14,60406,0,false,29780,2026-07-31T15:23:17.525Z
run/wiggum/task2/wiggum-run5-be,task2,wiggum-run5-be,task2__wiggum-run5-be,wiggum,backend,false,true,true,19,0,19,16,1,17,6,false,1,0.941,0.059,1,0.971,0.95,0.963,0.32724629999999993,17,127394,0,false,8878,2026-08-01T08:12:01.528Z
run/wiggum/task3/wiggum-run1,task3,wiggum-run1,task3__wiggum-run1,wiggum,frontend,false,false,false,17,0,17,15,0,15,6,false,1,1,0,0,0.8,0.605,0.722,0.4749912,25,195458,0,false,25838,2026-07-31T16:38:46.045Z
run/wiggum/task3/wiggum-run1-be,task3,wiggum-run1-be,task3__wiggum-run1-be,wiggum,backend,true,true,true,22,0,22,13,0,13,5,false,1,1,0,1,1,0.945,0.978,0.5249837999999999,26,185053,0,false,10998,2026-08-01T08:59:49.725Z
run/wiggum/task3/wiggum-run2,task3,wiggum-run2,task3__wiggum-run2,wiggum,frontend,true,true,true,17,0,17,15,0,15,6,false,1,1,0,1,1,0.76,0.904,0.4964330999999999,32,179129,0,false,26682,2026-07-31T16:44:25.152Z
run/wiggum/task3/wiggum-run2-be,task3,wiggum-run2-be,task3__wiggum-run2-be,wiggum,backend,true,true,true,23,0,23,13,0,13,5,false,1,1,0,1,1,0.826,0.93,0.39992970000000005,18,138839,0,false,10883,2026-08-01T09:03:21.664Z
run/wiggum/task3/wiggum-run3,task3,wiggum-run3,task3__wiggum-run3,wiggum,frontend,false,false,false,17,0,17,15,0,15,6,false,1,1,0,0,0.8,0.655,0.742,0.42069749999999995,27,129654,0,false,26751,2026-07-31T16:48:46.972Z
run/wiggum/task3/wiggum-run3-be,task3,wiggum-run3-be,task3__wiggum-run3-be,wiggum,backend,true,true,true,23,0,23,13,0,13,5,false,1,1,0,1,1,0.945,0.978,0.4179476000000001,19,171313,0,false,16463,2026-08-01T09:11:10.962Z
run/wiggum/task3/wiggum-run4,task3,wiggum-run4,task3__wiggum-run4,wiggum,frontend,false,false,false,17,0,17,15,0,15,6,false,1,1,0,0,0.8,0.655,0.742,0.43967480000000003,29,121802,0,false,26648,2026-07-31T16:52:34.854Z
run/wiggum/task3/wiggum-run4-be,task3,wiggum-run4-be,task3__wiggum-run4-be,wiggum,backend,true,true,true,22,0,22,13,0,13,5,false,1,1,0,1,1,0.945,0.978,0.5371212000000001,26,185937,0,false,11264,2026-08-01T09:16:39.404Z
run/wiggum/task3/wiggum-run5,task3,wiggum-run5,task3__wiggum-run5,wiggum,frontend,true,true,true,17,0,17,15,0,15,6,false,1,1,0,1,1,0.755,0.902,0.4341361999999999,28,132906,0,false,27212,2026-07-31T16:56:51.984Z
run/wiggum/task3/wiggum-run5-be,task3,wiggum-run5-be,task3__wiggum-run5-be,wiggum,backend,true,true,true,24,0,24,13,0,13,5,false,1,1,0,1,1,0.835,0.934,0.5682680999999998,28,237944,0,false,21381,2026-08-01T09:30:01.070Z
run/wiggum/task4/wiggum-run1,task4,wiggum-run1,task4__wiggum-run1,wiggum,frontend,true,true,true,17,0,17,18,0,18,7,false,1,1,0,1,1,1,1,0.3358872,19,130442,0,false,30027,2026-07-31T17:33:58.667Z
run/wiggum/task4/wiggum-run1-be,task4,wiggum-run1-be,task4__wiggum-run1-be,wiggum,backend,false,true,true,19,0,19,0,0,0,5,true,1,0,1,1,0.5,0.74,0.596,0.5373007999999999,29,164665,0,false,6888,2026-08-01T16:24:38.953Z
run/wiggum/task4/wiggum-run2,task4,wiggum-run2,task4__wiggum-run2,wiggum,frontend,true,true,true,17,0,17,18,0,18,7,false,1,1,0,1,1,1,1,0.39756479999999994,21,150149,0,false,30924,2026-07-31T17:38:03.789Z
run/wiggum/task4/wiggum-run2-be,task4,wiggum-run2-be,task4__wiggum-run2-be,wiggum,backend,false,true,true,19,0,19,0,0,0,5,true,1,0,1,1,0.5,0.74,0.596,0.6670387999999999,30,233365,0,false,6758,2026-08-01T16:32:21.791Z
run/wiggum/task4/wiggum-run3,task4,wiggum-run3,task4__wiggum-run3,wiggum,frontend,true,true,true,17,0,17,18,0,18,7,false,1,1,0,1,1,1,1,0.25770269999999995,16,90892,0,false,29217,2026-07-31T17:41:36.856Z
run/wiggum/task4/wiggum-run3-be,task4,wiggum-run3-be,task4__wiggum-run3-be,wiggum,backend,false,true,true,19,0,19,0,0,0,5,true,1,0,1,1,0.5,0.74,0.596,0.4426439,26,184001,0,false,6818,2026-08-01T16:37:56.246Z
run/wiggum/task4/wiggum-run4,task4,wiggum-run4,task4__wiggum-run4,wiggum,frontend,true,true,true,17,0,17,18,0,18,7,false,1,1,0,1,1,1,1,0.29494439999999994,19,141216,0,false,34008,2026-07-31T17:48:27.887Z
run/wiggum/task4/wiggum-run4-be,task4,wiggum-run4-be,task4__wiggum-run4-be,wiggum,backend,false,true,true,19,0,19,0,0,0,5,true,1,0,1,1,0.5,0.73,0.592,0.6563295,31,267342,0,false,6778,2026-08-01T16:46:34.824Z
run/wiggum/task4/wiggum-run5,task4,wiggum-run5,task4__wiggum-run5,wiggum,frontend,true,true,true,17,0,17,18,0,18,7,false,1,1,0,1,1,1,1,0.27158370000000004,18,82147,0,false,30695,2026-07-31T17:52:01.665Z
run/wiggum/task4/wiggum-run5-be,task4,wiggum-run5-be,task4__wiggum-run5-be,wiggum,backend,false,true,true,19,0,19,0,0,0,5,true,1,0,1,1,0.5,0.74,0.596,0.7381031,34,304637,0,false,6499,2026-08-01T16:55:59.552Z
run/wiggum/task5/wiggum-run1,task5,wiggum-run1,task5__wiggum-run1,wiggum,frontend,true,true,true,23,0,23,4,0,4,1,false,1,1,0,1,1,1,1,0.7476003,33,335191,0,false,57848,2026-07-31T18:45:24.940Z
run/wiggum/task5/wiggum-run1-be,task5,wiggum-run1-be,task5__wiggum-run1-be,wiggum,backend,true,true,true,23,0,23,21,0,21,6,false,1,1,0,1,1,0.9,0.96,0.2928435,17,67102,0,false,8870,2026-08-01T17:16:39.541Z
run/wiggum/task5/wiggum-run2,task5,wiggum-run2,task5__wiggum-run2,wiggum,frontend,true,true,true,24,0,24,4,0,4,1,false,1,1,0,1,1,1,1,0.6105881999999999,29,215458,0,false,39010,2026-07-31T18:53:45.399Z
run/wiggum/task5/wiggum-run2-be,task5,wiggum-run2-be,task5__wiggum-run2-be,wiggum,backend,true,true,true,23,0,23,21,0,21,6,false,1,1,0,1,1,0.9,0.96,0.3222093,20,88582,0,false,8238,2026-08-01T17:19:25.031Z
run/wiggum/task5/wiggum-run3,task5,wiggum-run3,task5__wiggum-run3,wiggum,frontend,true,true,true,22,0,22,4,0,4,1,false,1,1,0,1,1,1,1,0.8234319,33,391747,0,false,44893,2026-07-31T19:02:03.084Z
run/wiggum/task5/wiggum-run3-be,task5,wiggum-run3-be,task5__wiggum-run3-be,wiggum,backend,true,true,true,23,0,23,21,0,21,6,false,1,1,0,1,1,0.9,0.96,0.33052770000000004,19,88819,0,false,23277,2026-08-01T17:22:14.945Z
run/wiggum/task5/wiggum-run4,task5,wiggum-run4,task5__wiggum-run4,wiggum,frontend,false,false,false,24,0,24,4,0,4,1,false,1,1,0,0,0.9,1,0.94,0.8992265999999999,31,400887,0,false,40766,2026-07-31T19:13:12.048Z
run/wiggum/task5/wiggum-run4-be,task5,wiggum-run4-be,task5__wiggum-run4-be,wiggum,backend,true,true,true,23,0,23,21,0,21,6,false,1,1,0,1,1,0.9,0.96,0.2984049,18,72524,0,false,8629,2026-08-01T17:27:59.560Z
run/wiggum/task5/wiggum-run5,task5,wiggum-run5,task5__wiggum-run5,wiggum,frontend,true,true,true,18,0,18,4,0,4,1,false,1,1,0,1,1,1,1,0.7167878,37,276514,0,false,37359,2026-07-31T19:19:32.896Z
run/wiggum/task5/wiggum-run5-be,task5,wiggum-run5-be,task5__wiggum-run5-be,wiggum,backend,true,true,true,23,0,23,21,0,21,6,false,1,1,0,1,1,0.9,0.96,0.22150470000000003,19,47011,0,false,8573,2026-08-01T17:30:27.972Z
run/wiggum/task6/wiggum-run1,task6,wiggum-run1,task6__wiggum-run1,wiggum,frontend,true,true,true,17,0,17,16,0,16,6,false,1,1,0,1,1,0.77,0.908,0.5286447,33,152117,0,false,27479,2026-07-31T19:52:41.141Z
run/wiggum/task6/wiggum-run1-be,task6,wiggum-run1-be,task6__wiggum-run1-be,wiggum,backend,true,true,true,19,0,19,19,0,19,6,false,1,1,0,1,1,0.97,0.988,0.40964280000000003,25,107262,0,false,8472,2026-08-01T17:59:42.785Z
run/wiggum/task6/wiggum-run2,task6,wiggum-run2,task6__wiggum-run2,wiggum,frontend,true,true,true,17,0,17,16,0,16,6,false,1,1,0,1,1,0.77,0.908,0.6101398999999998,36,184415,0,false,30186,2026-07-31T19:57:39.196Z
run/wiggum/task6/wiggum-run2-be,task6,wiggum-run2-be,task6__wiggum-run2-be,wiggum,backend,true,true,true,19,0,19,19,0,19,6,false,1,1,0,1,1,0.95,0.98,0.18851900000000002,12,46569,0,false,8067,2026-08-01T18:02:54.729Z
run/wiggum/task6/wiggum-run3,task6,wiggum-run3,task6__wiggum-run3,wiggum,frontend,true,true,true,17,0,17,16,0,16,6,false,1,1,0,1,1,0.77,0.908,0.47200369999999997,29,140654,0,false,26741,2026-07-31T20:01:28.691Z
run/wiggum/task6/wiggum-run3-be,task6,wiggum-run3-be,task6__wiggum-run3-be,wiggum,backend,true,true,true,19,0,19,19,0,19,6,false,1,1,0,1,1,0.89,0.956,0.2315466,14,61508,0,false,8642,2026-08-01T18:05:35.054Z
run/wiggum/task6/wiggum-run4,task6,wiggum-run4,task6__wiggum-run4,wiggum,frontend,true,true,true,17,0,17,16,0,16,6,false,1,1,0,1,1,0.77,0.908,0.4658271,32,125232,0,false,29671,2026-07-31T20:05:07.769Z
run/wiggum/task6/wiggum-run4-be,task6,wiggum-run4-be,task6__wiggum-run4-be,wiggum,backend,true,true,true,19,0,19,19,0,19,6,false,1,1,0,1,1,0.97,0.988,0.260621,17,117903,0,false,25582,2026-08-01T18:08:40.631Z
run/wiggum/task6/wiggum-run5,task6,wiggum-run5,task6__wiggum-run5,wiggum,frontend,true,true,true,17,0,17,16,0,16,6,false,1,1,0,1,1,0.77,0.908,0.4754006,29,145900,0,false,27243,2026-07-31T20:09:11.867Z
run/wiggum/task6/wiggum-run5-be,task6,wiggum-run5-be,task6__wiggum-run5-be,wiggum,backend,true,true,true,19,0,19,19,0,19,6,false,1,1,0,1,1,0.97,0.988,0.18841339999999998,12,56037,0,false,12283,2026-08-01T18:14:04.922Z
run/wiggum/task7/wiggum-run1,task7,wiggum-run1,task7__wiggum-run1,wiggum,frontend,true,true,true,39,0,39,14,0,14,4,false,1,1,0,1,1,1,1,0.4199471999999999,24,199835,0,false,64887,2026-08-01T19:26:37.921Z
run/wiggum/task7/wiggum-run1-be,task7,wiggum-run1-be,task7__wiggum-run1-be,wiggum,backend,true,true,true,33,0,33,5,0,5,1,false,1,1,0,1,1,1,1,0.1457235,9,62164,0,false,10756,2026-08-02T17:13:40.844Z
run/wiggum/task7/wiggum-run2,task7,wiggum-run2,task7__wiggum-run2,wiggum,frontend,true,true,true,39,0,39,14,0,14,4,false,1,1,0,1,1,1,1,0.36314269999999993,21,158804,0,false,45628,2026-08-01T19:34:13.285Z
run/wiggum/task7/wiggum-run2-be,task7,wiggum-run2-be,task7__wiggum-run2-be,wiggum,backend,true,true,true,33,0,33,5,0,5,1,false,1,1,0,1,1,1,1,0.1456616,9,34060,0,false,9808,2026-08-02T17:15:32.376Z
run/wiggum/task7/wiggum-run3,task7,wiggum-run3,task7__wiggum-run3,wiggum,frontend,true,true,true,39,0,39,14,0,14,4,false,1,1,0,1,1,1,1,0.3972081,23,217447,0,false,64830,2026-08-01T19:40:07.123Z
run/wiggum/task7/wiggum-run3-be,task7,wiggum-run3-be,task7__wiggum-run3-be,wiggum,backend,true,true,true,33,0,33,5,0,5,1,false,1,1,0,1,1,1,1,0.144863,8,67399,0,false,10734,2026-08-02T17:17:58.057Z
run/wiggum/task7/wiggum-run4,task7,wiggum-run4,task7__wiggum-run4,wiggum,frontend,true,true,true,39,0,39,14,0,14,4,false,1,1,0,1,1,1,1,0.32856379999999996,23,106796,0,false,46448,2026-08-01T19:46:40.044Z
run/wiggum/task7/wiggum-run4-be,task7,wiggum-run4-be,task7__wiggum-run4-be,wiggum,backend,true,true,true,33,0,33,5,0,5,1,false,1,1,0,1,1,1,1,0.16141769999999997,10,39147,0,false,9938,2026-08-02T17:19:49.447Z
run/wiggum/task7/wiggum-run5,task7,wiggum-run5,task7__wiggum-run5,wiggum,frontend,true,true,true,39,0,39,14,0,14,4,false,1,1,0,1,1,1,1,0.39826110000000003,22,152565,0,false,48829,2026-08-01T19:51:26.289Z
run/wiggum/task7/wiggum-run5-be,task7,wiggum-run5-be,task7__wiggum-run5-be,wiggum,backend,true,true,true,33,0,33,5,0,5,1,false,1,1,0,1,1,1,1,0.2025234,14,59783,0,false,10428,2026-08-02T17:21:58.364Z
run/wiggum/task8/wiggum-run1,task8,wiggum-run1,task8__wiggum-run1,wiggum,frontend,false,true,true,37,2,39,11,1,12,3,false,0.949,0.917,0.032,1,0.943,0.93,0.938,0.6412134,30,322637,0,false,45983,2026-08-02T07:33:31.667Z
run/wiggum/task8/wiggum-run1-be,task8,wiggum-run1,task8__wiggum-run1,wiggum,backend,true,true,true,33,0,33,5,0,5,1,false,1,1,0,1,1,1,1,0.7088159999999999,38,279885,0,false,9916,2026-08-03T16:34:28.309Z
run/wiggum/task8/wiggum-run2,task8,wiggum-run2,task8__wiggum-run2,wiggum,frontend,false,true,true,37,2,39,11,1,12,3,false,0.949,0.917,0.032,1,0.943,0.93,0.938,0.27253439999999995,19,130008,0,false,58080,2026-08-02T07:37:39.758Z
run/wiggum/task8/wiggum-run2-be,task8,wiggum-run2-be,task8__wiggum-run2-be,wiggum,backend,true,true,true,33,0,33,5,0,5,1,false,1,1,0,1,1,1,1,0.3121212,20,111593,0,false,9961,2026-08-03T16:37:46.659Z
run/wiggum/task8/wiggum-run3,task8,wiggum-run3,task8__wiggum-run3,wiggum,frontend,false,true,true,37,2,39,11,1,12,3,false,0.949,0.917,0.032,1,0.943,0.93,0.938,0.4844668999999999,27,256370,0,false,40569,2026-08-02T07:48:56.853Z
run/wiggum/task8/wiggum-run3-be,task8,wiggum-run3-be,task8__wiggum-run3-be,wiggum,backend,true,true,true,33,0,33,5,0,5,1,false,1,1,0,1,1,1,1,0.7342857,34,313860,0,false,9677,2026-08-03T16:44:18.565Z
run/wiggum/task8/wiggum-run4,task8,wiggum-run4,task8__wiggum-run4,wiggum,frontend,false,true,true,37,2,39,11,1,12,3,false,0.949,0.917,0.032,1,0.943,0.93,0.938,0.4813644,26,279454,0,false,40610,2026-08-02T07:55:22.167Z
run/wiggum/task8/wiggum-run4-be,task8,wiggum-run4-be,task8__wiggum-run4-be,wiggum,backend,true,true,true,33,0,33,5,0,5,1,false,1,1,0,1,1,1,1,0.376154,23,138125,0,false,11285,2026-08-03T16:48:09.419Z
run/wiggum/task8/wiggum-run5,task8,wiggum-run5,task8__wiggum-run5,wiggum,frontend,false,true,true,37,2,39,11,1,12,3,false,0.949,0.917,0.032,1,0.943,0.93,0.938,0.6743517,36,253397,0,false,37777,2026-08-02T08:05:32.434Z
run/wiggum/task8/wiggum-run5-be,task8,wiggum-run5-be,task8__wiggum-run5-be,wiggum,backend,true,true,true,33,0,33,5,0,5,1,false,1,1,0,1,1,1,1,0.3029046,20,91951,0,false,11708,2026-08-03T16:52:09.759Z
run/wiggum/task9/wiggum-run1,task9,wiggum-run1,task9__wiggum-run1,wiggum,frontend,false,true,true,37,2,39,9,0,9,1,false,0.949,1,0,1,0.985,0.88,0.943,0.4005717,25,176621,0,false,30534,2026-08-02T08:49:22.288Z
run/wiggum/task9/wiggum-run1-be,task9,wiggum-run1-be,task9__wiggum-run1-be,wiggum,backend,false,true,true,33,0,33,5,1,6,1,false,1,0.833,0.167,1,0.917,0.96,0.934,0.5827683,38,769499,0,false,10353,2026-08-03T17:39:28.431Z
run/wiggum/task9/wiggum-run2,task9,wiggum-run2,task9__wiggum-run2,wiggum,frontend,true,true,true,39,0,39,9,0,9,1,false,1,1,0,1,1,0.865,0.946,0.6217661999999998,29,233797,0,false,28901,2026-08-02T08:55:15.568Z
run/wiggum/task9/wiggum-run2-be,task9,wiggum-run2-be,task9__wiggum-run2-be,wiggum,backend,false,true,true,33,0,33,5,1,6,1,false,1,0.833,0.167,1,0.917,1,0.95,0.42086759999999995,25,139171,0,false,10058,2026-08-03T17:44:57.336Z
run/wiggum/task9/wiggum-run3,task9,wiggum-run3,task9__wiggum-run3,wiggum,frontend,true,true,true,39,0,39,9,0,9,1,false,1,1,0,1,1,0.865,0.946,0.6934257,34,279171,0,false,30368,2026-08-02T09:01:32.076Z
run/wiggum/task9/wiggum-run3-be,task9,wiggum-run3-be,task9__wiggum-run3-be,wiggum,backend,false,true,true,33,0,33,5,1,6,1,false,1,0.833,0.167,1,0.917,0.96,0.934,0.45281429999999995,28,138612,0,false,10501,2026-08-03T17:48:49.242Z
run/wiggum/task9/wiggum-run4,task9,wiggum-run4,task9__wiggum-run4,wiggum,frontend,false,true,true,37,2,39,9,0,9,1,false,0.949,1,0,1,0.985,0.88,0.943,0.49733749999999993,22,320318,0,false,95835,2026-08-02T09:09:30.783Z
run/wiggum/task9/wiggum-run4-be,task9,wiggum-run4-be,task9__wiggum-run4-be,wiggum,backend,false,true,true,33,0,33,5,1,6,1,false,1,0.833,0.167,1,0.917,1,0.95,0.5010966,27,184332,0,false,14090,2026-08-03T17:57:17.230Z
run/wiggum/task9/wiggum-run5,task9,wiggum-run5,task9__wiggum-run5,wiggum,frontend,false,true,true,37,2,39,9,0,9,1,false,0.949,1,0,1,0.985,0.88,0.943,0.30692939999999996,17,145912,0,false,31479,2026-08-02T09:17:33.536Z
run/wiggum/task9/wiggum-run5-be,task9,wiggum-run5-be,task9__wiggum-run5-be,wiggum,backend,false,true,true,33,0,33,5,1,6,1,false,1,0.833,0.167,1,0.917,0.96,0.934,0.34970550000000006,20,107139,0,false,12890,2026-08-03T18:00:28.663Z
